﻿Country Name,Country Code,Series Name,Series Code,2020 [YR2020]
Afghanistan,AFG,"Population, total",SP.POP.TOTL,38928000
Albania,ALB,"Population, total",SP.POP.TOTL,2867000
Algeria,DZA,"Population, total",SP.POP.TOTL,43851000
American Samoa,ASM,"Population, total",SP.POP.TOTL,55000
Andorra,AND,"Population, total",SP.POP.TOTL,77000
Angola,AGO,"Population, total",SP.POP.TOTL,32866000
Antigua and Barbuda,ATG,"Population, total",SP.POP.TOTL,98000
Argentina,ARG,"Population, total",SP.POP.TOTL,45303000
Armenia,ARM,"Population, total",SP.POP.TOTL,2963000
Aruba,ABW,"Population, total",SP.POP.TOTL,107000
Australia,AUS,"Population, total",SP.POP.TOTL,25608000
Austria,AUT,"Population, total",SP.POP.TOTL,8883000
Azerbaijan,AZE,"Population, total",SP.POP.TOTL,10115000
"Bahamas, The",BHS,"Population, total",SP.POP.TOTL,393000
Bahrain,BHR,"Population, total",SP.POP.TOTL,1702000
Bangladesh,BGD,"Population, total",SP.POP.TOTL,164689000
Barbados,BRB,"Population, total",SP.POP.TOTL,287000
Belarus,BLR,"Population, total",SP.POP.TOTL,9448000
Belgium,BEL,"Population, total",SP.POP.TOTL,11538000
Belize,BLZ,"Population, total",SP.POP.TOTL,398000
Benin,BEN,"Population, total",SP.POP.TOTL,12123000
Bermuda,BMU,"Population, total",SP.POP.TOTL,..
Bhutan,BTN,"Population, total",SP.POP.TOTL,772000
Bolivia,BOL,"Population, total",SP.POP.TOTL,11673000
Bosnia and Herzegovina,BIH,"Population, total",SP.POP.TOTL,3281000
Botswana,BWA,"Population, total",SP.POP.TOTL,2352000
Brazil,BRA,"Population, total",SP.POP.TOTL,212559000
British Virgin Islands,VGB,"Population, total",SP.POP.TOTL,30000
Brunei Darussalam,BRN,"Population, total",SP.POP.TOTL,437000
Bulgaria,BGR,"Population, total",SP.POP.TOTL,6916000
Burkina Faso,BFA,"Population, total",SP.POP.TOTL,20903000
Burundi,BDI,"Population, total",SP.POP.TOTL,11891000
Cabo Verde,CPV,"Population, total",SP.POP.TOTL,556000
Cambodia,KHM,"Population, total",SP.POP.TOTL,16719000
Cameroon,CMR,"Population, total",SP.POP.TOTL,26546000
Canada,CAN,"Population, total",SP.POP.TOTL,37684000
Cayman Islands,CYM,"Population, total",SP.POP.TOTL,66000
Central African Republic,CAF,"Population, total",SP.POP.TOTL,4830000
Chad,TCD,"Population, total",SP.POP.TOTL,16426000
Channel Islands,CHI,"Population, total",SP.POP.TOTL,174000
Chile,CHL,"Population, total",SP.POP.TOTL,19116000
China,CHN,"Population, total",SP.POP.TOTL,1401379000
Colombia,COL,"Population, total",SP.POP.TOTL,50883000
Comoros,COM,"Population, total",SP.POP.TOTL,870000
"Congo, Dem. Rep.",COD,"Population, total",SP.POP.TOTL,89561000
"Congo, Rep.",COG,"Population, total",SP.POP.TOTL,5518000
Costa Rica,CRI,"Population, total",SP.POP.TOTL,5094000
Cote d'Ivoire,CIV,"Population, total",SP.POP.TOTL,26378000
Croatia,HRV,"Population, total",SP.POP.TOTL,4052000
Cuba,CUB,"Population, total",SP.POP.TOTL,11327000
Curacao,CUW,"Population, total",SP.POP.TOTL,162000
Cyprus,CYP,"Population, total",SP.POP.TOTL,1207000
Czech Republic,CZE,"Population, total",SP.POP.TOTL,10631000
Denmark,DNK,"Population, total",SP.POP.TOTL,5840000
Djibouti,DJI,"Population, total",SP.POP.TOTL,988000
Dominica,DMA,"Population, total",SP.POP.TOTL,72000
Dominican Republic,DOM,"Population, total",SP.POP.TOTL,10848000
Ecuador,ECU,"Population, total",SP.POP.TOTL,17643000
"Egypt, Arab Rep.",EGY,"Population, total",SP.POP.TOTL,102334000
El Salvador,SLV,"Population, total",SP.POP.TOTL,6486000
Equatorial Guinea,GNQ,"Population, total",SP.POP.TOTL,1403000
Eritrea,ERI,"Population, total",SP.POP.TOTL,..
Estonia,EST,"Population, total",SP.POP.TOTL,1313000
Eswatini,SWZ,"Population, total",SP.POP.TOTL,1160000
Ethiopia,ETH,"Population, total",SP.POP.TOTL,114964000
Faroe Islands,FRO,"Population, total",SP.POP.TOTL,49000
Fiji,FJI,"Population, total",SP.POP.TOTL,896000
Finland,FIN,"Population, total",SP.POP.TOTL,5548000
France,FRA,"Population, total",SP.POP.TOTL,67443000
French Polynesia,PYF,"Population, total",SP.POP.TOTL,281000
Gabon,GAB,"Population, total",SP.POP.TOTL,2226000
"Gambia, The",GMB,"Population, total",SP.POP.TOTL,2417000
Georgia,GEO,"Population, total",SP.POP.TOTL,3711000
Germany,DEU,"Population, total",SP.POP.TOTL,82678000
Ghana,GHA,"Population, total",SP.POP.TOTL,31073000
Gibraltar,GIB,"Population, total",SP.POP.TOTL,34000
Greece,GRC,"Population, total",SP.POP.TOTL,10665000
Greenland,GRL,"Population, total",SP.POP.TOTL,..
Grenada,GRD,"Population, total",SP.POP.TOTL,113000
Guam,GUM,"Population, total",SP.POP.TOTL,169000
Guatemala,GTM,"Population, total",SP.POP.TOTL,17916000
Guinea,GIN,"Population, total",SP.POP.TOTL,13133000
Guinea-Bissau,GNB,"Population, total",SP.POP.TOTL,1968000
Guyana,GUY,"Population, total",SP.POP.TOTL,787000
Haiti,HTI,"Population, total",SP.POP.TOTL,11403000
Honduras,HND,"Population, total",SP.POP.TOTL,9905000
"Hong Kong SAR, China",HKG,"Population, total",SP.POP.TOTL,7564000
Hungary,HUN,"Population, total",SP.POP.TOTL,9695000
Iceland,ISL,"Population, total",SP.POP.TOTL,359000
India,IND,"Population, total",SP.POP.TOTL,1380004000
Indonesia,IDN,"Population, total",SP.POP.TOTL,273524000
"Iran, Islamic Rep.",IRN,"Population, total",SP.POP.TOTL,83993000
Iraq,IRQ,"Population, total",SP.POP.TOTL,40222000
Ireland,IRL,"Population, total",SP.POP.TOTL,4933000
Isle of Man,IMN,"Population, total",SP.POP.TOTL,85000
Israel,ISR,"Population, total",SP.POP.TOTL,9152000
Italy,ITA,"Population, total",SP.POP.TOTL,60250000
Jamaica,JAM,"Population, total",SP.POP.TOTL,2961000
Japan,JPN,"Population, total",SP.POP.TOTL,125661000
Jordan,JOR,"Population, total",SP.POP.TOTL,10203000
Kazakhstan,KAZ,"Population, total",SP.POP.TOTL,18654000
Kenya,KEN,"Population, total",SP.POP.TOTL,53771000
Kiribati,KIR,"Population, total",SP.POP.TOTL,119000
"Korea, Dem. People’s Rep.",PRK,"Population, total",SP.POP.TOTL,25779000
"Korea, Rep.",KOR,"Population, total",SP.POP.TOTL,51922000
Kosovo,XKX,"Population, total",SP.POP.TOTL,1870000
Kuwait,KWT,"Population, total",SP.POP.TOTL,4271000
Kyrgyz Republic,KGZ,"Population, total",SP.POP.TOTL,6489000
Lao PDR,LAO,"Population, total",SP.POP.TOTL,7276000
Latvia,LVA,"Population, total",SP.POP.TOTL,1905000
Lebanon,LBN,"Population, total",SP.POP.TOTL,6825000
Lesotho,LSO,"Population, total",SP.POP.TOTL,2142000
Liberia,LBR,"Population, total",SP.POP.TOTL,5058000
Libya,LBY,"Population, total",SP.POP.TOTL,6871000
Liechtenstein,LIE,"Population, total",SP.POP.TOTL,38000
Lithuania,LTU,"Population, total",SP.POP.TOTL,2767000
Luxembourg,LUX,"Population, total",SP.POP.TOTL,622000
"Macao SAR, China",MAC,"Population, total",SP.POP.TOTL,649000
Madagascar,MDG,"Population, total",SP.POP.TOTL,27691000
Malawi,MWI,"Population, total",SP.POP.TOTL,19130000
Malaysia,MYS,"Population, total",SP.POP.TOTL,32366000
Maldives,MDV,"Population, total",SP.POP.TOTL,541000
Mali,MLI,"Population, total",SP.POP.TOTL,20251000
Malta,MLT,"Population, total",SP.POP.TOTL,486000
Marshall Islands,MHL,"Population, total",SP.POP.TOTL,59000
Mauritania,MRT,"Population, total",SP.POP.TOTL,4650000
Mauritius,MUS,"Population, total",SP.POP.TOTL,1270000
Mexico,MEX,"Population, total",SP.POP.TOTL,128933000
"Micronesia, Fed. Sts.",FSM,"Population, total",SP.POP.TOTL,115000
Moldova,MDA,"Population, total",SP.POP.TOTL,3525000
Monaco,MCO,"Population, total",SP.POP.TOTL,39000
Mongolia,MNG,"Population, total",SP.POP.TOTL,3278000
Montenegro,MNE,"Population, total",SP.POP.TOTL,622000
Morocco,MAR,"Population, total",SP.POP.TOTL,36911000
Mozambique,MOZ,"Population, total",SP.POP.TOTL,31255000
Myanmar,MMR,"Population, total",SP.POP.TOTL,54410000
Namibia,NAM,"Population, total",SP.POP.TOTL,2541000
Nauru,NRU,"Population, total",SP.POP.TOTL,13000
Nepal,NPL,"Population, total",SP.POP.TOTL,29137000
Netherlands,NLD,"Population, total",SP.POP.TOTL,17330000
New Caledonia,NCL,"Population, total",SP.POP.TOTL,291000
New Zealand,NZL,"Population, total",SP.POP.TOTL,4971000
Nicaragua,NIC,"Population, total",SP.POP.TOTL,6625000
Niger,NER,"Population, total",SP.POP.TOTL,24207000
Nigeria,NGA,"Population, total",SP.POP.TOTL,206140000
North Macedonia,MKD,"Population, total",SP.POP.TOTL,2083000
Northern Mariana Islands,MNP,"Population, total",SP.POP.TOTL,58000
Norway,NOR,"Population, total",SP.POP.TOTL,5422000
Oman,OMN,"Population, total",SP.POP.TOTL,5107000
Pakistan,PAK,"Population, total",SP.POP.TOTL,220892000
Palau,PLW,"Population, total",SP.POP.TOTL,18000
Panama,PAN,"Population, total",SP.POP.TOTL,4315000
Papua New Guinea,PNG,"Population, total",SP.POP.TOTL,8947000
Paraguay,PRY,"Population, total",SP.POP.TOTL,7133000
Peru,PER,"Population, total",SP.POP.TOTL,32972000
Philippines,PHL,"Population, total",SP.POP.TOTL,109581000
Poland,POL,"Population, total",SP.POP.TOTL,37806000
Portugal,PRT,"Population, total",SP.POP.TOTL,10195000
Puerto Rico,PRI,"Population, total",SP.POP.TOTL,3184000
Qatar,QAT,"Population, total",SP.POP.TOTL,2881000
Romania,ROU,"Population, total",SP.POP.TOTL,19247000
Russian Federation,RUS,"Population, total",SP.POP.TOTL,144222000
Rwanda,RWA,"Population, total",SP.POP.TOTL,12952000
Samoa,WSM,"Population, total",SP.POP.TOTL,198000
San Marino,SMR,"Population, total",SP.POP.TOTL,34000
Sao Tome and Principe,STP,"Population, total",SP.POP.TOTL,219000
Saudi Arabia,SAU,"Population, total",SP.POP.TOTL,34814000
Senegal,SEN,"Population, total",SP.POP.TOTL,16744000
Serbia,SRB,"Population, total",SP.POP.TOTL,6929000
Seychelles,SYC,"Population, total",SP.POP.TOTL,98000
Sierra Leone,SLE,"Population, total",SP.POP.TOTL,7977000
Singapore,SGP,"Population, total",SP.POP.TOTL,5772000
Sint Maarten (Dutch part),SXM,"Population, total",SP.POP.TOTL,..
Slovak Republic,SVK,"Population, total",SP.POP.TOTL,5448000
Slovenia,SVN,"Population, total",SP.POP.TOTL,2067000
Solomon Islands,SLB,"Population, total",SP.POP.TOTL,687000
Somalia,SOM,"Population, total",SP.POP.TOTL,15893000
South Africa,ZAF,"Population, total",SP.POP.TOTL,59309000
South Sudan,SSD,"Population, total",SP.POP.TOTL,11194000
Spain,ESP,"Population, total",SP.POP.TOTL,46711000
Sri Lanka,LKA,"Population, total",SP.POP.TOTL,21837000
St. Kitts and Nevis,KNA,"Population, total",SP.POP.TOTL,53000
St. Lucia,LCA,"Population, total",SP.POP.TOTL,184000
St. Martin (French part),MAF,"Population, total",SP.POP.TOTL,..
St. Vincent and the Grenadines,VCT,"Population, total",SP.POP.TOTL,111000
Sudan,SDN,"Population, total",SP.POP.TOTL,43849000
Suriname,SUR,"Population, total",SP.POP.TOTL,587000
Sweden,SWE,"Population, total",SP.POP.TOTL,10319000
Switzerland,CHE,"Population, total",SP.POP.TOTL,8641000
Syrian Arab Republic,SYR,"Population, total",SP.POP.TOTL,17501000
Tajikistan,TJK,"Population, total",SP.POP.TOTL,9538000
Tanzania,TZA,"Population, total",SP.POP.TOTL,59734000
Thailand,THA,"Population, total",SP.POP.TOTL,69800000
Timor-Leste,TLS,"Population, total",SP.POP.TOTL,1318000
Togo,TGO,"Population, total",SP.POP.TOTL,8279000
Tonga,TON,"Population, total",SP.POP.TOTL,106000
Trinidad and Tobago,TTO,"Population, total",SP.POP.TOTL,1399000
Tunisia,TUN,"Population, total",SP.POP.TOTL,11819000
Turkey,TUR,"Population, total",SP.POP.TOTL,84339000
Turkmenistan,TKM,"Population, total",SP.POP.TOTL,6031000
Turks and Caicos Islands,TCA,"Population, total",SP.POP.TOTL,39000
Tuvalu,TUV,"Population, total",SP.POP.TOTL,12000
Uganda,UGA,"Population, total",SP.POP.TOTL,45741000
Ukraine,UKR,"Population, total",SP.POP.TOTL,44158000
United Arab Emirates,ARE,"Population, total",SP.POP.TOTL,9890000
United Kingdom,GBR,"Population, total",SP.POP.TOTL,67224000
United States,USA,"Population, total",SP.POP.TOTL,331915000
Uruguay,URY,"Population, total",SP.POP.TOTL,3474000
Uzbekistan,UZB,"Population, total",SP.POP.TOTL,33749000
Vanuatu,VUT,"Population, total",SP.POP.TOTL,307000
"Venezuela, RB",VEN,"Population, total",SP.POP.TOTL,28436000
Vietnam,VNM,"Population, total",SP.POP.TOTL,97339000
Virgin Islands (U.S.),VIR,"Population, total",SP.POP.TOTL,107000
West Bank and Gaza,PSE,"Population, total",SP.POP.TOTL,4813000
"Yemen, Rep.",YEM,"Population, total",SP.POP.TOTL,29826000
Zambia,ZMB,"Population, total",SP.POP.TOTL,18384000
Zimbabwe,ZWE,"Population, total",SP.POP.TOTL,14863000
,,,,
,,,,
,,,,
Data from database: Population estimates and projections,,,,
Last Updated: 09/19/2019,,,,
